printNum,printTime,minTime,maxTime,xOffset,yOffset,scale,recipient
1,Jun 11 12:00:00 BST 2013,May 06 12:00:00 BST 2013,May 06 19:30:00 BST 2013,230.84334,220.40977,0.7742453,Becky Stevens
2,Jun 11 12:00:00 BST 2013,May 06 12:00:00 BST 2013,May 06 19:30:00 BST 2013,230.84334,220.40977,0.7742453,Spoken Nerd
3,Jun 11 12:00:00 BST 2013,May 06 12:00:00 BST 2013,May 06 19:30:00 BST 2013,230.84334,220.40977,0.7742453,Spoken Nerd
4,Jun 11 12:00:00 BST 2013,May 06 12:00:00 BST 2013,May 06 19:30:00 BST 2013,230.84334,220.40977,0.7742453,Spoken Nerd
5,Tue Jun 11 19:47:04 BST 2013,,,,,,
