printNum,printTime,minTime,maxTime,xOffset,yOffset,scale,recipient
1,Tue Jun 11 12:00:00 BST 2013,Mon May 06 12:00:00 BST 2013,Mon May 06 19:30:00 BST 2013,230.84334,220.40977,0.7742453,Becky Stevens
2,Tue Jun 11 14:00:00 BST 2013,Thu Apr 16 20:30:00 BST 2013,Thu Apr 16 21:30:00 BST 2013,238.12654,347.79413,0.6876464,Spoken Nerd
3,Tue Jun 11 16:00:00 BST 2013,Thu Apr 17 20:49:00 BST 2013,Thu Apr 17 21:00:00 BST 2013,207.75327,255.73608,0.74492645,Spoken Nerd
4,Tue Jun 11 18:00:00 BST 2013,Thu Apr 18 21:15:00 BST 2013,Thu Apr 18 22:15:00 BST 2013,293.7309,515.3337,0.5850242,Spoken Nerd
5,Wed Jun 12 11:00:00 BST 2013,Tue Jun 11 00:00:00 BST 2013,Tue Jun 11 13:00:00 BST 2013,279.39282,283.2798,0.73839855,TBC
6,Wed Jun 12 12:30:00 BST 2013,Tue Jun 11 13:00:00 BST 2013,Tue Jun 11 19:00:00 BST 2013,298.0,306.0,0.716,TBC
7,Wed Jun 12 14:00:00 BST 2013,Tue Jun 11 19:00:00 BST 2013,Tue Jun 11 23:59:00 BST 2013,212.74340,173.65805,0.8218012,TBC